version,ts_utc,repo,branch,commit_hash,commit_short,commit_subject,commit_author,commit_date_iso,workflow,run_id,actor,master_timeline_rows,verified_people_rows,unverified_events_rows,unverified_people_rows,unverified_connections_rows,pending_event_batches,pending_people_batches,pending_unverified_batches
v2.1.0,2025-10-21T03:33:02Z,StegVerse/FREE-DOM,main,52b14ee6fe715ef836a6dc8c37dc98d366cd8c99,52b14ee,Add files via upload,StegVerse,2025-10-20T22:32:31-05:00,"Merge Pending, Build Checklist & Changelog, Validate",18671988901,StegVerse,1165,2,1,1,1,0,0,0
v2.0.0,2025-10-21T03:31:31Z,StegVerse/FREE-DOM,main,bff01813689838900d1f199731e5fa335cbeb8f1,bff0181,Add files via upload,StegVerse,2025-10-20T22:31:04-05:00,"Merge Pending, Build Checklist & Changelog, Validate",18671965221,StegVerse,1165,2,1,1,1,0,0,0
v1.2.0,2025-10-21T03:14:14Z,StegVerse/FREE-DOM,main,a70562e64f4a28efba08d0b56f2b2644558bc46f,a70562e,Add files via upload,StegVerse,2025-10-20T22:13:46-05:00,"Merge Pending, Build Checklist & Changelog, Validate",18671667556,StegVerse,1165,2,1,1,1,0,0,0
v1.1.3,2025-10-21T03:02:44Z,StegVerse/FREE-DOM,main,b504e1185f2960508763a7631cded28f2a37cf4a,b504e11,Create ai_agent_sources_index.csv,StegVerse,2025-10-20T22:02:16-05:00,"Merge Pending, Build Checklist & Changelog, Validate",18671469810,StegVerse,1165,2,1,1,1,0,0,0
v1.1.2,2025-10-21T03:00:45Z,StegVerse/FREE-DOM,main,c2b97802aea8491c0829be55eac5f6c9f0c3c860,c2b9780,Create ai_agent_summary.csv,StegVerse,2025-10-20T22:00:14-05:00,"Merge Pending, Build Checklist & Changelog, Validate",18671431850,StegVerse,1165,2,1,1,1,0,0,0
v1.1.1,2025-10-21T02:57:03Z,StegVerse/FREE-DOM,main,77233567b0e00e72a440d1d386dbbd1f60ff95d9,7723356,Rename data/ai_agent_logs/agent_run_20251019T224750Z.jsonl to data/logs/ai_agent/agent_run_20251019T224750Z.jsonl,StegVerse,2025-10-20T21:56:31-05:00,"Merge Pending, Build Checklist & Changelog, Validate",18671370481,StegVerse,1165,2,1,1,1,0,0,0
v1.1.0,2025-10-21T02:52:12Z,StegVerse/FREE-DOM,main,778326a86b84bca2931988d404c31b1896debd38,778326a,Add files via upload,StegVerse,2025-10-20T21:51:43-05:00,"Merge Pending, Build Checklist & Changelog, Validate",18671292218,StegVerse,1165,2,1,1,1,0,0,0
v1.0.2,2025-10-21T02:49:12Z,StegVerse/FREE-DOM,main,d6b6896b8d35093366d67f96bb96cd09889c963e,d6b6896,chore(auto-update): merge + rebuild checklist & changelog + version badge + validate,StegVerse,2025-10-21T02:48:29Z,"Merge Pending, Build Checklist & Changelog, Validate",18671243498,StegVerse,1165,2,1,1,1,0,0,0
v1.0.1,2025-10-21T02:48:28Z,StegVerse/FREE-DOM,main,7e9f2a2ba5dcf1824725694728232a8c54ac5054,7e9f2a2,Update and rename data/unverified_connections.csv to data/unverified/unverified_connections.csv,StegVerse,2025-10-20T21:48:01-05:00,"Merge Pending, Build Checklist & Changelog, Validate",18671231768,StegVerse,1165,2,1,1,1,0,0,0
